id,proyecto_id,contenido,fecha_iso
1,1,nose,2025-11-03T05:29:55.707000Z
2,1,ya casi acabamos,2025-11-03T05:30:13.496000Z
3,1,terminamos,2025-11-07T22:29:21.459000Z
4,2,Se ha avanzado en la creaci√≥n del programa,2025-11-09T03:57:35.054000Z
5,4,Avance prueba,2025-11-09T05:05:13.329000Z
6,4,Avance prueba 3,2025-11-09T05:05:46.852000Z
7,4,aaa,2025-11-09T05:06:11.107000Z
8,4,AAA,2025-11-09T05:10:35.915000Z
9,3,Avance1,2025-11-09T05:26:02.098000Z
10,4,aaaad,2025-11-09T05:31:45.896000Z
11,4,UNOOO,2025-11-09T05:37:07.629000Z
12,4,Hola,2025-11-14T01:30:04.724000Z
13,4,Hey,2025-11-14T01:31:39.072000Z
14,4,oe,2025-11-14T01:31:50.347000Z
15,4,Oeo,2025-11-14T01:54:51.084000Z
16,4,Oeoeoe,2025-11-14T02:10:32.073000Z
17,4,Prueba,2025-11-14T02:13:38.174000Z
18,4,Probando...,2025-11-14T02:15:16.664000Z
19,4,Terminadox2,2025-11-18T05:15:00.994000Z
20,4,Yaaaaa,2025-11-18T05:28:04.689000Z
21,1,hiola,2025-11-18T05:28:53.671000Z
22,4,prueba,2025-11-18T05:38:44.529000Z
23,1,porfinnnnnnnn!,2025-11-18T05:39:24.334000Z
24,2,lollll,2025-11-18T05:40:01.402000Z
25,4,hola,2025-11-18T05:55:56.404000Z
26,1,terminar,2025-11-18T05:56:18.116000Z
27,7,Se hizo un avance,2025-11-18T17:12:59.241000Z
